Country Name,1960,1961,1962,1963,1964,1965,1966,1967,1968,1969,1970,1971,1972,1973,1974,1975,1976,1977,1978,1979,1980,1981,1982,1983,1984,1985,1986,1987,1988,1989,1990,1991,1992,1993,1994,1995,1996,1997,1998,1999,2000,2001,2002,2003,2004,2005,2006,2007,2008,2009,2010,2011,2012,2013,2014,2015,2016
Afghanistan,32.292,32.742,33.185,33.624,34.06,34.495,34.928,35.361,35.796,36.234,36.678,37.128,37.587,38.056,38.54,39.039,39.556,40.092,40.65,41.234,41.853,42.513,43.217,43.963,44.747,45.566,46.417,47.288,48.164,49.028,49.856,50.627,51.331,51.968,52.539,53.055,53.533,53.997,54.468,54.959,55.482,56.044,56.637,57.25,57.875,58.5,59.11,59.694,60.243,60.754,61.226,61.666,62.086,62.494,62.895,63.288,63.673
Angola,33.251,33.573,33.914,34.272,34.645,35.031,35.426,35.828,36.234,36.64,37.047,37.46,37.878,38.297,38.712,39.11,39.478,39.81,40.099,40.344,40.546,40.71,40.848,40.97,41.085,41.193,41.292,41.382,41.471,41.572,41.696,41.855,42.06,42.329,42.677,43.125,43.695,44.385,45.192,46.105,47.113,48.2,49.341,50.508,51.676,52.833,53.974,55.096,56.189,57.231,58.192,59.042,59.77,60.373,60.858,61.241,61.547
Albania,62.279,63.298,64.187,64.911,65.461,65.848,66.108,66.302,66.485,66.687,66.933,67.235,67.58,67.951,68.341,68.734,69.108,69.447,69.741,69.99,70.207,70.416,70.635,70.876,71.134,71.388,71.605,71.76,71.843,71.86,71.836,71.803,71.802,71.86,71.992,72.205,72.495,72.838,73.208,73.588,73.955,74.286,74.575,74.82,75.028,75.217,75.418,75.656,75.943,76.281,76.652,77.031,77.389,77.702,77.963,78.174,78.345
Andorra,,,,,,,,,,,,,,,,,,,,,,,,,,,,,,,,,,,,,,,,,,,,,,,,,,,,,,,,,
United arab emirates,52.265,53.312,54.349,55.375,56.385,57.374,58.33,59.248,60.12,60.945,61.721,62.451,63.143,63.802,64.433,65.037,65.617,66.171,66.701,67.209,67.696,68.163,68.611,69.04,69.452,69.845,70.219,70.575,70.913,71.234,71.541,71.837,72.122,72.401,72.674,72.943,73.21,73.473,73.732,73.987,74.239,74.487,74.73,74.968,75.2,75.422,75.632,75.828,76.012,76.183,76.344,76.498,76.648,76.798,76.948,77.101,77.256
Argentina,65.022,65.141,65.233,65.311,65.388,65.481,65.603,65.76,65.953,66.184,66.449,66.74,67.044,67.349,67.652,67.95,68.248,68.549,68.856,69.164,69.464,69.746,70.003,70.234,70.438,70.623,70.797,70.971,71.155,71.352,71.565,71.79,72.023,72.256,72.489,72.719,72.947,73.173,73.397,73.618,73.832,74.039,74.236,74.424,74.603,74.775,74.941,75.105,75.268,75.431,75.595,75.761,75.926,76.089,76.252,76.415,76.577
Armenia,65.971,66.402,66.837,67.276,67.715,68.152,68.587,69.015,69.425,69.808,70.143,70.411,70.604,70.723,70.774,70.783,70.783,70.798,70.838,70.897,70.938,70.91,70.776,70.519,70.15,69.698,69.205,68.732,68.332,68.038,67.879,67.87,67.99,68.218,68.538,68.938,69.404,69.912,70.434,70.944,71.409,71.8,72.112,72.347,72.512,72.625,72.715,72.815,72.946,73.119,73.331,73.571,73.814,74.044,74.255,74.445,74.618
Antigua and barbuda,62.115,62.555,62.979,63.385,63.774,64.148,64.51,64.864,65.212,65.557,65.897,66.232,66.558,66.875,67.181,67.479,67.768,68.051,68.328,68.602,68.873,69.141,69.408,69.671,69.931,70.187,70.435,70.675,70.907,71.132,71.351,71.567,71.783,71.999,72.218,72.44,72.663,72.887,73.108,73.327,73.541,73.752,73.957,74.158,74.354,74.544,74.727,74.905,75.078,75.247,75.412,75.574,75.733,75.892,76.05,76.207,76.364
Australia,70.81707317,70.97317073,70.94243902,70.91170732,70.88097561,70.8502439,70.8195122,70.86926829,70.91902439,70.96878049,71.01853659,71.06829268,71.45756098,71.84682927,72.23609756,72.62536585,73.01463415,73.34439024,73.67414634,74.00390244,74.33365854,74.66341463,74.90487805,75.14634146,75.38780488,75.62926829,75.87073171,76.15170732,76.43268293,76.71365854,76.99463415,77.27560976,77.37804878,77.87804878,77.87804878,77.82926829,78.07804878,78.4804878,78.63170732,78.93170732,79.23414634,79.63414634,79.93658537,80.23902439,80.4902439,80.84146341,81.04146341,81.29268293,81.39512195,81.54390244,81.69512195,81.89512195,82.04634146,82.14878049,82.3,82.4,82.5
Austria,68.58560976,69.57731707,69.3095122,69.44365854,69.92195122,69.72219512,70.04585366,69.91780488,70.05756098,69.83317073,69.91463415,70.11463415,70.46341463,71.01463415,71.01219512,71.11463415,71.56585366,71.91463415,72.01219512,72.31219512,72.46341463,72.81219512,72.96097561,73.01219512,73.61219512,73.81463415,74.31707317,74.76829268,75.21707317,75.26585366,75.56829268,75.61707317,75.81707317,76.06829268,76.4195122,76.66829268,76.87073171,77.3195122,77.67073171,77.87560976,78.12682927,78.57560976,78.67804878,78.63170732,79.1804878,79.33170732,79.8804878,80.1804878,80.43170732,80.33170732,80.5804878,80.98292683,80.93658537,81.13658537,81.4902439,81.1902439,80.8902439
Azerbaijan,61.035,61.257,61.47,61.679,61.89,62.104,62.322,62.539,62.751,62.953,63.141,63.31,63.457,63.583,63.688,63.776,63.852,63.922,63.992,64.069,64.161,64.28,64.424,64.587,64.759,64.913,65.016,65.053,65.021,64.935,64.827,64.745,64.731,64.81,64.991,65.256,65.573,65.899,66.207,66.491,66.763,67.054,67.391,67.791,68.249,68.75,69.269,69.774,70.238,70.646,70.987,71.26,71.478,71.656,71.8,71.921,72.026
Burundi,41.281,41.592,41.907,42.225,42.54,42.838,43.103,43.328,43.515,43.675,43.829,44.006,44.232,44.517,44.865,45.266,45.701,46.141,46.562,46.953,47.314,47.657,47.992,48.317,48.618,48.845,48.941,48.884,48.684,48.379,48.053,47.816,47.752,47.911,48.295,48.86,49.526,50.186,50.758,51.213,51.545,51.779,51.977,52.19,52.437,52.735,53.09,53.492,53.926,54.386,54.861,55.338,55.807,56.259,56.688,57.094,57.481
Belgium,69.70195122,70.52097561,70.2195122,70.05146341,70.75512195,70.62536585,70.70634146,71.01292683,70.69317073,70.76487805,70.97195122,71.0604878,71.40512195,71.63536585,71.98585366,71.97121951,72.1197561,72.77390244,72.69804878,73.19365854,73.20707317,73.62170732,73.88804878,73.86902439,74.40487805,74.5202439,74.73170732,75.36585366,75.56585366,75.63268293,76.05195122,76.19219512,76.35121951,76.34536585,76.69170732,76.84073171,77.18731707,77.37073171,77.47317073,77.6195122,77.72195122,77.97317073,78.07560976,78.12926829,78.87804878,78.9804878,79.3804878,79.78292683,79.6804878,80.03414634,80.18292683,80.58536585,80.38536585,80.58780488,81.28780488,80.99268293,80.99268293
Benin,37.271,37.727,38.188,38.655,39.13,39.615,40.109,40.61,41.117,41.63,42.152,42.684,43.229,43.781,44.337,44.882,45.399,45.883,46.335,46.764,47.19,47.643,48.145,48.71,49.339,50.034,50.79,51.581,52.372,53.132,53.812,54.366,54.776,55.042,55.174,55.203,55.17,55.133,55.139,55.218,55.391,55.668,56.025,56.436,56.887,57.355,57.817,58.255,58.654,59.009,59.319,59.595,59.855,60.113,60.373,60.639,60.907
Burkina faso,34.432,34.897,35.369,35.847,36.331,36.815,37.291,37.754,38.207,38.652,39.095,39.542,40.003,40.493,41.025,41.63,42.343,43.166,44.081,45.06,46.049,46.984,47.81,48.486,48.992,49.323,49.492,49.55,49.545,49.505,49.454,49.409,49.374,49.36,49.38,49.445,49.557,49.713,49.914,50.168,50.489,50.893,51.384,51.956,52.602,53.31,54.063,54.841,55.618,56.376,57.096,57.762,58.377,58.942,59.457,59.927,60.361
Bangladesh,45.831,46.46,47.086,47.694,48.257,48.69,48.895,48.838,48.535,48.05,47.523,47.136,47.031,47.291,47.925,48.865,49.981,51.098,52.082,52.878,53.478,53.917,54.292,54.678,55.102,55.578,56.102,56.654,57.22,57.8,58.401,59.033,59.7,60.4,61.127,61.868,62.61,63.338,64.038,64.702,65.324,65.903,66.448,66.965,67.46,67.937,68.403,68.861,69.312,69.759,70.198,70.626,71.039,71.431,71.803,72.155,72.489
Bulgaria,69.24756098,70.19560976,69.49195122,70.30926829,71.12121951,71.29390244,71.22341463,70.41390244,71.22512195,70.43,71.25634146,70.87365854,70.8995122,71.34219512,71.20804878,71.0497561,71.39487805,70.81609756,71.18463415,71.30829268,71.15756098,71.57195122,71.18609756,71.38634146,71.4997561,71.22804878,71.73073171,71.52682927,71.60439024,71.72243902,71.64146341,71.56097561,71.49439024,71.34682927,71.20878049,71.05341463,70.89731707,70.35121951,71.06097561,71.41219512,71.66341463,71.76829268,71.86585366,72.06585366,72.56341463,72.56097561,72.61219512,72.66341463,72.96341463,73.41219512,73.51219512,74.16341463,74.31463415,74.86097561,74.46585366,74.61463415,74.61463415
Bahrain,51.868,53.234,54.589,55.91,57.181,58.387,59.523,60.595,61.608,62.559,63.448,64.274,65.042,65.757,66.421,67.04,67.616,68.152,68.651,69.117,69.55,69.95,70.316,70.65,70.956,71.237,71.495,71.735,71.962,72.179,72.39,72.598,72.803,73.006,73.209,73.413,73.619,73.826,74.033,74.239,74.44,74.635,74.822,74.999,75.167,75.326,75.478,75.625,75.77,75.913,76.056,76.199,76.341,76.482,76.622,76.761,76.9
Bosnia and herzegovina,60.353,61.019,61.646,62.243,62.818,63.381,63.94,64.499,65.059,65.621,66.187,66.756,67.32,67.867,68.39,68.872,69.296,69.657,69.954,70.193,70.399,70.601,70.82,71.061,71.315,71.534,71.65,71.626,71.461,71.185,70.877,70.645,70.577,70.724,71.091,71.643,72.306,72.977,73.572,74.057,74.413,74.653,74.824,74.967,75.096,75.223,75.353,75.486,75.619,75.758,75.905,76.06,76.223,76.39,76.561,76.735,76.911
Belarus,67.70809756,68.21265854,68.63582927,68.99207317,69.28992683,69.53741463,69.73460976,69.88165854,69.98263415,70.04514634,70.0792439,70.093,70.09241463,70.08243902,70.06807317,70.04826829,70.01590244,69.96741463,69.90631707,69.84163415,69.80202439,69.81917073,69.90821951,70.06465854,70.27192683,70.99268293,71.5495122,70.9902439,71.34146341,71.48292683,70.83658537,70.37804878,70.02195122,68.97073171,68.76829268,68.46097561,68.51219512,68.46097561,68.40731707,67.90731707,68.91219512,68.50731707,68.05609756,68.55365854,68.95609756,68.85121951,69.40487805,70.20731707,70.45609756,70.40731707,70.40487805,70.55365854,71.96585366,72.47073171,72.97073171,73.62439024,73.82682927
Belize,59.981,60.531,61.092,61.663,62.241,62.823,63.402,63.971,64.525,65.058,65.566,66.047,66.504,66.939,67.354,67.751,68.135,68.509,68.874,69.229,69.577,69.921,70.257,70.575,70.865,71.11,71.294,71.405,71.437,71.386,71.246,71.011,70.696,70.325,69.922,69.517,69.143,68.82,68.568,68.4,68.329,68.356,68.46,68.619,68.815,69.023,69.218,69.385,69.517,69.611,69.676,69.731,69.798,69.895,70.027,70.192,70.384
Bolivia,42.138,42.454,42.778,43.11,43.451,43.8,44.157,44.523,44.898,45.28,45.671,46.07,46.477,46.892,47.315,47.745,48.183,48.629,49.082,49.543,50.012,50.489,50.974,51.466,51.965,52.472,52.986,53.507,54.034,54.566,55.104,55.647,56.195,56.747,57.303,57.862,58.423,58.987,59.554,60.122,60.69,61.26,61.829,62.399,62.968,63.538,64.113,64.692,65.272,65.847,66.408,66.945,67.451,67.922,68.357,68.756,69.125
Brazil,54.241,54.754,55.27,55.785,56.293,56.794,57.289,57.776,58.254,58.717,59.154,59.557,59.919,60.241,60.527,60.782,61.017,61.244,61.476,61.721,61.983,62.264,62.559,62.866,63.185,63.514,63.852,64.197,64.552,64.917,65.3,65.708,66.144,66.607,67.095,67.6,68.112,68.622,69.12,69.599,70.055,70.486,70.896,71.29,71.67,72.04,72.405,72.768,73.129,73.488,73.838,74.174,74.488,74.777,75.042,75.284,75.509
Barbados,61.002,61.481,61.964,62.451,62.94,63.426,63.9,64.355,64.786,65.191,65.569,65.922,66.257,66.58,66.894,67.203,67.51,67.816,68.12,68.424,68.726,69.024,69.317,69.602,69.878,70.145,70.405,70.658,70.905,71.147,71.383,71.614,71.841,72.061,72.275,72.481,72.678,72.865,73.043,73.213,73.377,73.535,73.691,73.847,74.004,74.163,74.324,74.486,74.648,74.811,74.973,75.133,75.292,75.448,75.603,75.755,75.906
Bhutan,34.526,34.889,35.29,35.734,36.22,36.745,37.303,37.882,38.469,39.057,39.635,40.194,40.735,41.263,41.784,42.311,42.861,43.447,44.077,44.751,45.464,46.204,46.954,47.702,48.442,49.173,49.901,50.632,51.372,52.122,52.879,53.637,54.393,55.146,55.898,56.657,57.432,58.231,59.055,59.899,60.758,61.625,62.484,63.322,64.126,64.882,65.578,66.214,66.792,67.315,67.79,68.227,68.639,69.038,69.43,69.817,70.197
Botswana,50.661,51.028,51.381,51.726,52.068,52.418,52.787,53.184,53.617,54.09,54.609,55.176,55.782,56.415,57.065,57.721,58.375,59.016,59.63,60.204,60.733,61.215,61.65,62.029,62.334,62.556,62.688,62.716,62.62,62.372,61.905,61.146,60.083,58.748,57.203,55.53,53.826,52.211,50.808,49.712,49.03,48.838,49.108,49.788,50.832,52.165,53.695,55.312,56.919,58.45,59.868,61.179,62.425,63.63,64.78,65.846,66.797
Central african republic,36.489,36.902,37.326,37.768,38.233,38.734,39.281,39.877,40.522,41.212,41.946,42.72,43.521,44.33,45.129,45.9,46.628,47.302,47.911,48.442,48.886,49.24,49.507,49.694,49.799,49.823,49.761,49.619,49.402,49.118,48.767,48.35,47.873,47.352,46.807,46.252,45.7,45.166,44.675,44.254,43.937,43.755,43.718,43.827,44.08,44.466,44.967,45.552,46.19,46.862,47.56,48.284,49.041,49.825,50.621,51.41,52.171
Canada,71.13317073,71.34609756,71.36707317,71.38073171,71.77634146,71.87219512,72.00439024,72.20780488,72.35341463,72.50146341,72.7004878,73.02926829,72.93390244,73.16268293,73.23756098,73.52170732,73.85609756,74.21560976,74.5297561,74.86634146,75.07804878,75.47853659,75.6804878,76.03634146,76.31756098,76.30341463,76.44,76.7395122,76.80926829,77.06560976,77.37707317,77.55341463,77.32073171,77.68512195,77.86195122,77.97756098,78.2304878,78.4804878,78.66243902,78.88292683,79.23658537,79.48780488,79.5902439,79.83902439,80.14146341,80.29268293,80.29268293,80.54390244,80.69512195,80.94634146,81.19756098,81.44878049,81.5835122,81.77204878,81.95304878,82.12902439,82.3005122
Switzerland,71.31341463,71.64487805,71.19609756,71.18756098,72.07780488,72.20170732,72.33560976,72.63658537,72.5902439,72.61268293,73.0202439,73.13073171,73.64439024,73.94097561,74.28707317,74.66560976,74.78536585,75.23804878,75.18731707,75.46609756,75.45926829,75.69317073,76.03390244,76.03121951,76.60853659,76.73365854,76.89902439,77.19756098,77.22658537,77.42121951,77.24243902,77.51463415,77.80609756,78.08536585,78.35,78.41707317,78.89609756,79.0795122,79.32439024,79.5804878,79.6804878,80.1804878,80.38536585,80.53658537,81.08780488,81.23658537,81.4902439,81.74146341,81.99268293,82.04390244,82.24634146,82.69512195,82.69756098,82.79756098,83.19756098,82.89756098,82.89756098
Chile,57.285,57.682,58.097,58.533,58.993,59.479,59.994,60.536,61.104,61.696,62.311,62.95,63.609,64.283,64.967,65.658,66.355,67.052,67.744,68.422,69.074,69.69,70.265,70.798,71.288,71.739,72.157,72.553,72.936,73.311,73.68,74.042,74.394,74.733,75.059,75.374,75.678,75.974,76.259,76.533,76.793,77.034,77.255,77.453,77.632,77.791,77.934,78.066,78.193,78.32,78.454,78.599,78.758,78.931,79.117,79.315,79.522
China,43.725,44.051,44.783,45.972,47.592,49.549,51.696,53.847,55.843,57.603,59.085,60.303,61.344,62.281,63.134,63.915,64.631,65.278,65.857,66.377,66.843,67.256,67.618,67.933,68.21,68.451,68.661,68.842,69.002,69.15,69.293,69.437,69.587,69.75,69.935,70.156,70.427,70.747,71.115,71.521,71.955,72.401,72.84,73.257,73.642,73.987,74.291,74.562,74.808,75.032,75.236,75.425,75.602,75.769,75.932,76.092,76.252
Cameroon,41.546,41.988,42.429,42.868,43.304,43.741,44.184,44.64,45.111,45.598,46.104,46.627,47.163,47.705,48.247,48.784,49.311,49.825,50.318,50.781,51.211,51.604,51.958,52.266,52.518,52.698,52.787,52.781,52.68,52.49,52.209,51.835,51.39,50.91,50.433,50.015,49.708,49.543,49.538,49.7,50.026,50.495,51.059,51.671,52.301,52.916,53.494,54.033,54.535,54.996,55.424,55.832,56.241,56.665,57.111,57.582,58.073
Colombia,56.752,57.283,57.775,58.238,58.678,59.1,59.5,59.877,60.233,60.574,60.91,61.248,61.598,61.966,62.36,62.791,63.271,63.796,64.354,64.932,65.506,66.049,66.541,66.965,67.315,67.588,67.789,67.938,68.06,68.171,68.292,68.443,68.63,68.857,69.125,69.428,69.756,70.09,70.416,70.727,71.019,71.293,71.556,71.813,72.062,72.303,72.532,72.749,72.952,73.143,73.325,73.5,73.673,73.847,74.022,74.2,74.381
Comoros,41.447,41.846,42.245,42.644,43.043,43.446,43.858,44.283,44.724,45.179,45.642,46.103,46.557,47.001,47.441,47.887,48.356,48.86,49.406,49.992,50.615,51.265,51.925,52.58,53.221,53.843,54.446,55.033,55.605,56.154,56.677,57.168,57.623,58.038,58.407,58.722,58.972,59.16,59.294,59.388,59.46,59.529,59.617,59.738,59.904,60.126,60.407,60.734,61.094,61.475,61.862,62.24,62.596,62.923,63.216,63.473,63.701
Cabo verde,48.928,49.123,49.4,49.771,50.235,50.772,51.349,51.934,52.511,53.078,53.669,54.331,55.096,55.973,56.94,57.95,58.937,59.837,60.606,61.228,61.708,62.073,62.376,62.664,62.958,63.268,63.592,63.918,64.238,64.556,64.877,65.204,65.543,65.902,66.288,66.72,67.221,67.793,68.421,69.086,69.747,70.358,70.882,71.293,71.584,71.76,71.842,71.869,71.881,71.899,71.941,72.019,72.127,72.259,72.418,72.599,72.798
Costa rica,60.556,61.269,61.964,62.63,63.259,63.848,64.399,64.924,65.434,65.937,66.439,66.946,67.46,67.983,68.519,69.072,69.648,70.242,70.846,71.452,72.045,72.61,73.135,73.612,74.035,74.401,74.714,74.984,75.223,75.438,75.638,75.83,76.016,76.2,76.385,76.571,76.759,76.942,77.119,77.288,77.448,77.597,77.736,77.868,77.993,78.114,78.234,78.355,78.481,78.613,78.756,78.911,79.077,79.254,79.44,79.634,79.831
Cuba,63.834,64.445,65.066,65.696,66.328,66.958,67.575,68.174,68.748,69.293,69.812,70.31,70.791,71.259,71.712,72.144,72.55,72.923,73.258,73.552,73.803,74.013,74.184,74.323,74.435,74.519,74.574,74.602,74.614,74.622,74.644,74.702,74.807,74.963,75.169,75.415,75.683,75.95,76.203,76.437,76.658,76.88,77.119,77.381,77.663,77.95,78.225,78.469,78.672,78.833,78.959,79.064,79.167,79.282,79.415,79.57,79.742
Cyprus,69.618,69.949,70.272,70.587,70.895,71.197,71.491,71.776,72.052,72.318,72.576,72.825,73.067,73.301,73.53,73.753,73.971,74.183,74.39,74.592,74.79,74.984,75.174,75.359,75.541,75.718,75.892,76.063,76.23,76.393,76.554,76.711,76.865,77.017,77.166,77.312,77.456,77.598,77.738,77.876,78.01,78.14,78.264,78.386,78.506,78.631,78.764,78.911,79.071,79.245,79.43,79.62,79.81,79.995,80.173,80.344,80.508
Germany,69.31002439,69.508,69.69153659,69.85960976,70.01370732,70.15182927,70.27141463,70.374,70.46509756,70.55068293,70.63978049,70.74287805,70.867,71.01668293,71.19541463,71.40173171,71.63414634,71.88368293,72.14329268,72.40853659,72.67790244,72.95039024,73.227,73.50519512,73.78292683,74.05463415,74.31373171,74.55968293,74.7924878,75.01314634,75.2277561,75.3195122,75.8195122,75.87073171,76.27073171,76.42195122,76.67317073,77.07317073,77.47560976,77.72682927,77.92682927,78.32926829,78.22926829,78.3804878,78.6804878,78.93170732,79.13170732,79.53414634,79.73658537,79.83658537,79.98780488,80.43658537,80.53902439,80.4902439,81.0902439,80.64146341,80.64146341
Djibouti,44.038,44.469,44.892,45.309,45.727,46.166,46.654,47.203,47.814,48.476,49.16,49.827,50.442,50.982,51.442,51.832,52.177,52.513,52.865,53.241,53.639,54.049,54.451,54.828,55.174,55.488,55.772,56.032,56.271,56.488,56.678,56.831,56.943,57.017,57.056,57.065,57.05,57.022,56.998,56.992,57.021,57.1,57.233,57.424,57.677,57.999,58.393,58.848,59.345,59.865,60.383,60.87,61.31,61.691,62.006,62.26,62.465
Dominica,,,,,,,,,,,,,,,,,,,,,,,71.46341463,,,,,71.96341463,,,,,73.95121951,,,,,75.95121951,,,,,76.59756098,,,,,,,,,,,,,,
Denmark,72.17658537,72.43829268,72.3197561,72.4004878,72.48512195,72.37073171,72.44414634,72.92219512,73.12146341,73.22097561,73.34341463,73.41463415,73.43902439,73.68219512,73.80829268,74.07512195,73.7397561,74.63243902,74.39292683,74.21926829,74.10170732,74.2304878,74.55121951,74.4204878,74.56219512,74.42756098,74.5797561,74.69121951,74.77170732,74.7997561,74.80536585,75.15780488,75.19414634,75.11682927,75.37512195,75.21268293,75.59146341,75.94512195,76.13902439,76.34146341,76.59268293,76.79268293,76.89512195,77.14390244,77.49268293,77.84390244,78.09512195,78.19512195,78.44634146,78.59756098,79.1,79.8,80.05121951,80.3,80.7,80.70243902,80.70487805
Dominican republic,51.787,52.519,53.237,53.943,54.634,55.312,55.975,56.625,57.259,57.875,58.468,59.033,59.569,60.073,60.549,60.997,61.417,61.817,62.205,62.588,62.977,63.38,63.803,64.247,64.714,65.207,65.728,66.267,66.812,67.352,67.866,68.335,68.749,69.103,69.397,69.637,69.837,70.017,70.193,70.374,70.568,70.775,70.99,71.207,71.425,71.644,71.862,72.078,72.29,72.498,72.702,72.901,73.098,73.292,73.483,73.673,73.861
Algeria,46.138,46.596,47.054,47.507,47.956,48.392,48.809,49.208,49.595,49.98,50.369,50.77,51.198,51.673,52.215,52.863,53.658,54.606,55.696,56.906,58.196,59.521,60.823,62.047,63.156,64.113,64.896,65.525,66.025,66.416,66.725,66.983,67.226,67.482,67.774,68.115,68.504,68.926,69.367,69.822,70.292,70.778,71.276,71.78,72.281,72.767,73.225,73.648,74.032,74.374,74.676,74.944,75.187,75.418,75.641,75.86,76.078
Ecuador,53.236,53.842,54.409,54.932,55.407,55.84,56.237,56.615,56.992,57.377,57.783,58.216,58.678,59.167,59.682,60.222,60.781,61.353,61.93,62.511,63.095,63.686,64.286,64.896,65.511,66.126,66.735,67.332,67.91,68.464,68.99,69.487,69.956,70.4,70.82,71.217,71.594,71.953,72.297,72.624,72.933,73.22,73.482,73.72,73.937,74.136,74.322,74.501,74.678,74.859,75.046,75.244,75.449,75.661,75.879,76.102,76.327
Eritrea,38.418,39.074,39.693,40.259,40.768,41.222,41.631,42.016,42.395,42.774,43.157,43.547,43.935,44.317,44.691,45.055,45.405,45.74,46.059,46.364,46.654,46.927,47.187,47.441,47.695,47.956,48.23,48.523,48.841,49.193,49.589,50.04,50.545,51.099,51.693,52.311,52.932,53.539,54.126,54.693,55.258,55.847,56.483,57.174,57.916,58.691,59.472,60.23,60.94,61.591,62.181,62.718,63.22,63.703,64.174,64.636,65.092
Spain,69.10926829,69.4804878,69.51902439,69.68121951,70.3997561,70.80926829,71.05512195,71.25292683,71.53780488,71.05756098,72.02731707,71.6302439,72.81804878,72.61073171,72.9697561,73.31878049,73.64268293,74.13195122,74.29560976,74.81878049,75.34926829,75.52853659,76.13414634,75.90902439,76.29536585,76.2595122,76.5104878,76.72804878,76.74707317,76.81365854,76.83756098,76.97121951,77.41,77.54658537,77.90146341,77.98073171,78.1204878,78.60414634,78.66585366,78.71707317,78.96585366,79.36829268,79.56829268,79.6195122,79.87073171,80.17073171,80.82195122,80.87317073,81.17560976,81.47560976,81.62682927,82.47560976,82.42682927,83.07804878,83.22926829,82.83170732,82.83170732
Estonia,67.90290244,68.36080488,68.74102439,69.05356098,69.30992683,69.51763415,69.68119512,69.80212195,69.88292683,69.92809756,69.93709756,69.90534146,69.83282927,69.72458537,69.59021951,69.44131707,69.29002439,69.14695122,69.02626829,68.93858537,68.90563415,68.97804878,69.12682927,69.37560976,69.27804878,69.3804878,70.08536585,70.64390244,70.69756098,70.03902439,69.47560976,69.37317073,68.86341463,67.9097561,66.5,67.54390244,69.61219512,69.8097561,69.35853659,70.06341463,70.41707317,70.25853659,70.90487805,71.31707317,71.9097561,72.56829268,72.69146341,72.81463415,73.77073171,74.82439024,75.42926829,76.22926829,76.32682927,77.14146341,77.03414634,77.5902439,77.73658537
Ethiopia,38.419,39.082,39.711,40.29,40.81,41.267,41.668,42.026,42.355,42.659,42.944,43.213,43.465,43.693,43.894,44.045,44.116,44.103,44.016,43.88,43.746,43.674,43.711,43.884,44.198,44.633,45.146,45.682,46.194,46.668,47.1,47.505,47.912,48.346,48.812,49.305,49.811,50.322,50.836,51.366,51.94,52.593,53.347,54.209,55.172,56.221,57.333,58.466,59.58,60.643,61.625,62.501,63.275,63.952,64.535,65.037,65.475
Finland,68.8197561,68.84414634,68.57780488,69.01268293,69.22097561,68.97780488,69.47707317,69.66658537,69.61634146,69.50341463,70.1795122,70.01756098,70.70731707,71.22365854,71.13487805,71.67365854,71.81292683,72.3502439,72.89707317,73.15536585,73.44,73.74658537,74.29804878,74.20097561,74.51902439,74.22292683,74.56,74.59195122,74.57707317,74.79219512,74.81317073,75.22756098,75.45536585,75.70512195,76.39560976,76.4095122,76.69341463,76.87853659,77.09073171,77.29121951,77.46585366,77.96585366,78.1195122,78.36829268,78.71463415,78.81707317,79.21463415,79.26341463,79.56829268,79.7195122,79.87073171,80.47073171,80.62682927,80.97560976,81.1804878,81.4804878,81.7804878
Fiji,55.86,56.292,56.716,57.133,57.545,57.95,58.35,58.741,59.123,59.495,59.857,60.207,60.546,60.873,61.191,61.5,61.803,62.102,62.397,62.689,62.978,63.262,63.54,63.811,64.074,64.329,64.577,64.818,65.054,65.284,65.51,65.731,65.948,66.161,66.37,66.575,66.777,66.976,67.172,67.365,67.553,67.734,67.91,68.079,68.243,68.405,68.569,68.737,68.909,69.087,69.267,69.448,69.625,69.796,69.96,70.117,70.269
France,69.86829268,70.11707317,70.31463415,70.51463415,70.66341463,70.81219512,70.96097561,71.16097561,71.3097561,71.45853659,71.65853659,71.90731707,72.10731707,72.35609756,72.60487805,72.85365854,73.10243902,73.35121951,73.60243902,73.85121951,74.05121951,74.3,74.5,74.8,75,75.3,75.6,75.8,76.1,76.34878049,76.6,76.84878049,77.1,77.3,77.64878049,77.75121951,77.95365854,78.30487805,78.60487805,78.75609756,79.05609756,79.15853659,79.26097561,79.11463415,80.16341463,80.16341463,80.81219512,81.11219512,81.21463415,81.41463415,81.66341463,82.11463415,81.96829268,82.2195122,82.67073171,82.27317073,82.27317073
Gabon,39.587,39.946,40.392,40.944,41.606,42.367,43.204,44.082,44.966,45.842,46.698,47.535,48.363,49.19,50.018,50.846,51.676,52.51,53.344,54.177,55.014,55.864,56.722,57.574,58.398,59.162,59.832,60.382,60.798,61.075,61.215,61.23,61.152,61.012,60.832,60.619,60.372,60.095,59.804,59.527,59.302,59.171,59.154,59.266,59.512,59.89,60.388,60.969,61.597,62.247,62.893,63.519,64.119,64.686,65.211,65.685,66.105
United kingdom,71.12682927,70.87804878,70.92682927,70.82682927,71.62439024,71.62439024,71.57317073,72.12439024,71.72439024,71.72195122,71.97317073,72.27317073,72.12439024,72.32439024,72.52439024,72.72439024,72.77560976,73.22439024,73.17560976,73.27560976,73.67560976,74.02682927,74.17804878,74.37804878,74.77804878,74.62926829,74.92926829,75.2804878,75.3804878,75.58292683,75.8804878,76.08292683,76.43414634,76.38536585,76.88536585,76.83658537,77.08780488,77.21097561,77.1902439,77.3902439,77.74146341,77.99268293,78.14390244,78.44634146,78.74634146,79.04878049,79.24878049,79.44878049,79.6,80.05121951,80.40243902,80.95121951,80.90487805,81.00487805,81.30487805,80.95609756,80.95609756
Georgia,63.651,64.058,64.468,64.88,65.291,65.694,66.083,66.454,66.805,67.136,67.452,67.766,68.082,68.401,68.718,69.014,69.266,69.461,69.592,69.665,69.7,69.726,69.768,69.844,69.954,70.083,70.204,70.288,70.323,70.311,70.268,70.22,70.196,70.222,70.307,70.462,70.687,70.966,71.274,71.596,71.907,72.182,72.408,72.575,72.682,72.73,72.73,72.704,72.673,72.65,72.649,72.68,72.742,72.832,72.951,73.096,73.261
Ghana,45.844,46.28,46.697,47.094,47.47,47.824,48.156,48.469,48.768,49.056,49.339,49.623,49.911,50.204,50.505,50.809,51.11,51.405,51.693,51.977,52.268,52.575,52.907,53.272,53.67,54.111,54.605,55.14,55.697,56.251,56.755,57.16,57.439,57.583,57.598,57.507,57.347,57.171,57.032,56.962,56.994,57.147,57.41,57.761,58.187,58.666,59.167,59.663,60.128,60.55,60.924,61.254,61.561,61.86,62.154,62.448,62.742
Guinea,34.89,35.086,35.266,35.432,35.588,35.74,35.891,36.048,36.222,36.421,36.656,36.933,37.255,37.623,38.039,38.498,38.993,39.517,40.068,40.65,41.279,41.977,42.753,43.607,44.522,45.482,46.463,47.434,48.359,49.208,49.949,50.557,51.032,51.381,51.61,51.717,51.701,51.592,51.434,51.273,51.181,51.229,51.451,51.859,52.444,53.17,53.972,54.775,55.521,56.185,56.765,57.282,57.782,58.301,58.846,59.419,60.015
Guinea-bissau,37.854,38.157,38.481,38.828,39.195,39.58,39.975,40.372,40.767,41.155,41.538,41.917,42.295,42.679,43.068,43.465,43.873,44.292,44.717,45.146,45.569,45.979,46.369,46.737,47.084,47.414,47.734,48.054,48.381,48.718,49.071,49.441,49.825,50.213,50.599,50.969,51.306,51.604,51.86,52.079,52.27,52.45,52.636,52.845,53.084,53.357,53.663,53.991,54.333,54.687,55.05,55.424,55.807,56.2,56.598,57,57.403
Equatorial guinea,36.74,37.041,37.342,37.642,37.942,38.242,38.542,38.842,39.142,39.443,39.738,40.019,40.288,40.55,40.818,41.122,41.493,41.95,42.493,43.111,43.772,44.434,45.054,45.604,46.074,46.469,46.81,47.135,47.473,47.838,48.239,48.677,49.142,49.62,50.104,50.588,51.062,51.521,51.959,52.371,52.752,53.099,53.415,53.709,53.987,54.262,54.55,54.858,55.19,55.543,55.908,56.265,56.601,56.905,57.18,57.434,57.681
Greece,68.16390244,68.54863415,68.89226829,69.18570732,69.42943902,69.638,69.83746341,70.05246341,70.30256098,70.58929268,70.90363415,71.22656098,71.535,71.81485366,72.06463415,72.29370732,72.51956098,72.76165854,73.03107317,73.32936585,73.64714634,73.9694878,74.279,74.56585366,74.82912195,75.0785122,75.32970732,75.59814634,75.8912439,76.68780488,76.93902439,77.13658537,77.38292683,77.3902439,77.63902439,77.58536585,77.68536585,78.13658537,77.83902439,77.98780488,77.88780488,78.38780488,78.64146341,78.84146341,79.03902439,79.23902439,79.43902439,79.43902439,79.93902439,80.18780488,80.38780488,80.73170732,80.63414634,81.28536585,81.38536585,81.03658537,81.03658537
Grenada,60.068,60.503,60.924,61.331,61.725,62.107,62.477,62.835,63.181,63.517,63.843,64.158,64.462,64.755,65.038,65.312,65.577,65.833,66.081,66.322,66.557,66.787,67.012,67.233,67.449,67.66,67.864,68.06,68.247,68.427,68.6,68.765,68.925,69.083,69.241,69.402,69.57,69.748,69.934,70.131,70.337,70.551,70.77,70.991,71.213,71.438,71.667,71.903,72.142,72.383,72.618,72.84,73.044,73.227,73.388,73.531,73.659
Guatemala,46.702,47.219,47.75,48.295,48.856,49.434,50.032,50.646,51.267,51.889,52.501,53.091,53.652,54.181,54.676,55.14,55.577,56,56.418,56.84,57.272,57.719,58.183,58.661,59.154,59.661,60.176,60.694,61.214,61.735,62.261,62.799,63.352,63.921,64.502,65.09,65.678,66.257,66.817,67.351,67.849,68.304,68.717,69.092,69.437,69.763,70.085,70.415,70.76,71.122,71.494,71.867,72.227,72.562,72.869,73.15,73.409
Guyana,60.26,60.441,60.623,60.805,60.984,61.157,61.317,61.462,61.588,61.697,61.789,61.868,61.938,62.005,62.072,62.14,62.211,62.283,62.355,62.427,62.498,62.565,62.626,62.684,62.741,62.801,62.869,62.95,63.046,63.159,63.29,63.438,63.6,63.77,63.946,64.122,64.297,64.466,64.63,64.785,64.93,65.065,65.192,65.313,65.428,65.538,65.642,65.741,65.836,65.929,66.022,66.117,66.216,66.318,66.425,66.536,66.65
Honduras,46.274,46.953,47.625,48.285,48.926,49.548,50.151,50.742,51.33,51.921,52.523,53.14,53.779,54.44,55.125,55.834,56.567,57.318,58.08,58.851,59.632,60.428,61.236,62.051,62.859,63.643,64.382,65.063,65.679,66.23,66.725,67.18,67.616,68.047,68.476,68.898,69.301,69.672,70.001,70.288,70.537,70.756,70.957,71.15,71.341,71.532,71.724,71.911,72.093,72.27,72.446,72.624,72.805,72.99,73.181,73.376,73.575
Croatia,64.60865854,65.0155122,65.4082439,65.78787805,66.15443902,66.51204878,66.86278049,67.20873171,67.54892683,67.88136585,68.2004878,68.50163415,68.77873171,69.0292439,69.25270732,70.00195122,70.45536585,70.74439024,70.53878049,70.42731707,70.17536585,70.34439024,70.48268293,70.27487805,70.21853659,70.88609756,71.41902439,71.4702439,71.48829268,71.84463415,72.1704878,72.18536585,71.24146341,71.52243902,71.80341463,72.08439024,72.36536585,72.49512195,72.31707317,72.64195122,72.80780488,74.51292683,74.71731707,74.61390244,75.5202439,75.24463415,75.83682927,75.70560976,75.91219512,76.16829268,76.47560976,76.77560976,76.92439024,77.12682927,77.47804878,77.27560976,78.02195122
Haiti,42.113,42.697,43.277,43.849,44.412,44.955,45.472,45.955,46.405,46.823,47.215,47.592,47.965,48.341,48.723,49.107,49.485,49.849,50.196,50.527,50.852,51.182,51.527,51.892,52.279,52.68,53.088,53.492,53.881,54.253,54.609,54.954,55.296,55.639,55.981,56.316,56.635,56.933,57.209,57.467,57.716,57.969,58.239,58.535,58.86,59.219,59.61,60.023,60.448,60.876,61.296,61.699,62.078,62.432,62.757,63.055,63.33
Hungary,68.00317073,68.93609756,67.86585366,68.87414634,69.38097561,69.07121951,69.82243902,69.40707317,69.2302439,69.31463415,69.16463415,69.05243902,69.66463415,69.51804878,69.24804878,69.29,69.57317073,69.84804878,69.39390244,69.61536585,69.06170732,69.13926829,69.35780488,68.97365854,69.02585366,68.97219512,69.17341463,69.65121951,70.02341463,69.46170732,69.31560976,69.37707317,69.11707317,69.10121951,69.4697561,69.79170732,70.32878049,70.70243902,70.55780488,70.67707317,71.24634146,72.24878049,72.34878049,72.3,72.64878049,72.64878049,73.09756098,73.15121951,73.70243902,73.90487805,74.20731707,74.85853659,75.06341463,75.56585366,75.76341463,75.56829268,75.56829268
Indonesia,48.651,49.281,49.897,50.499,51.09,51.672,52.249,52.824,53.397,53.968,54.537,55.1,55.655,56.197,56.726,57.24,57.742,58.23,58.707,59.171,59.618,60.045,60.451,60.836,61.203,61.555,61.899,62.241,62.583,62.929,63.281,63.638,63.998,64.353,64.701,65.032,65.339,65.617,65.866,66.087,66.285,66.467,66.643,66.82,67.002,67.191,67.386,67.581,67.775,67.964,68.15,68.331,68.509,68.684,68.856,69.025,69.191
India,41.174,41.794,42.421,43.057,43.702,44.356,45.02,45.691,46.366,47.043,47.721,48.399,49.075,49.746,50.405,51.047,51.665,52.257,52.819,53.349,53.842,54.295,54.711,55.099,55.468,55.83,56.201,56.589,57.003,57.445,57.915,58.409,58.915,59.421,59.921,60.408,60.877,61.327,61.761,62.179,62.582,62.977,63.368,63.759,64.154,64.556,64.966,65.383,65.802,66.219,66.625,67.013,67.377,67.714,68.021,68.302,68.56
Ireland,69.7965122,69.97826829,70.13407317,70.27292683,70.40129268,70.52314634,70.63843902,70.74514634,70.84429268,70.93787805,71.03143902,71.12853659,71.2322439,71.34556098,71.47202439,71.61660976,71.78278049,71.969,72.17373171,72.39346341,72.6232439,72.85609756,73.08807317,73.31368293,73.53146341,73.74236585,73.95141463,74.16253659,74.37770732,74.59590244,74.80909756,75.00526829,75.18095122,75.33612195,75.47680488,75.61756098,75.83170732,75.98536585,76.1804878,76.08292683,76.53658537,77.13414634,77.63414634,78.13902439,78.53902439,78.94390244,79.24146341,79.64146341,80.09512195,80.1902439,80.74390244,80.74634146,80.84634146,81,81.34878049,81.45365854,81.60731707
Iraq,48.022,49.222,50.409,51.58,52.73,53.839,54.885,55.85,56.723,57.5,58.199,58.849,59.47,60.062,60.611,61.046,61.276,61.263,61.018,60.598,60.127,59.766,59.647,59.85,60.393,61.236,62.285,63.393,64.436,65.354,66.118,66.735,67.256,67.722,68.134,68.489,68.776,68.987,69.122,69.183,69.169,69.081,68.932,68.742,68.537,68.35,68.217,68.156,68.177,68.283,68.465,68.702,68.963,69.219,69.458,69.672,69.862
Iceland,73.42317073,73.50341463,73.72195122,73.04292683,73.54170732,73.86878049,73.3004878,73.78317073,74.00585366,73.77634146,73.93390244,73.5704878,74.45585366,74.45097561,74.51170732,75.57878049,76.97219512,76.37365854,76.64926829,76.77317073,76.84658537,76.52146341,77.03780488,76.84560976,77.57658537,77.60243902,77.99073171,77.33902439,77.08292683,78.14097561,78.03634146,77.99195122,78.7602439,78.93463415,79.24707317,77.98439024,78.77780488,78.88536585,79.60243902,79.35121951,79.65365854,80.6902439,80.50243902,80.96341463,80.99756098,81.50243902,81.15853659,81.45365854,81.6097561,81.75121951,81.89756098,82.35853659,82.91707317,82.06097561,82.86097561,82.46829268,82.46829268
Israel,,72.00658537,72.11219512,,,,72.28560976,71.5097561,71.05658537,70.9704878,71.21341463,71.71902439,71.07804878,71.69341463,71.66170732,72.04512195,72.95609756,72.95853659,73.20731707,73.50731707,73.87560976,74.26097561,74.1097561,74.45853659,74.80731707,75.20731707,74.95609756,75.25853659,74.43658537,76.30731707,76.60731707,76.75853659,76.50487805,77.15365854,77.40243902,77.45121951,78.10487805,78,78.14878049,78.65853659,78.95365854,79.40731707,79.45121951,79.64878049,80.14634146,80.15121951,80.55365854,80.50487805,80.95121951,81.40487805,81.60243902,81.65609756,81.70487805,82.05609756,82.15365854,82.05121951,82.40731707
Italy,69.12390244,69.7602439,69.1497561,69.24804878,70.31170732,70.17170732,70.92609756,70.95658537,70.78,70.81195122,71.55878049,71.80682927,72.07536585,72.02634146,72.73439024,72.64731707,72.99195122,73.36463415,73.69317073,74.00268293,73.94317073,74.35390244,74.81463415,74.6402439,75.3895122,75.47073171,75.77073171,76.2195122,76.37073171,76.8195122,76.97073171,77.0195122,77.4195122,77.72195122,77.92195122,78.17073171,78.52195122,78.82439024,78.97560976,79.42439024,79.77804878,80.12682927,80.22926829,79.98292683,80.7804878,80.78292683,81.28292683,81.43414634,81.48536585,81.63658537,82.03658537,82.18780488,82.23902439,82.6902439,83.0902439,82.54390244,82.54390244
Jamaica,64.387,64.96,65.484,65.962,66.396,66.789,67.144,67.466,67.763,68.045,68.324,68.609,68.907,69.219,69.546,69.885,70.235,70.583,70.919,71.231,71.509,71.739,71.92,72.052,72.135,72.175,72.179,72.16,72.129,72.096,72.065,72.039,72.015,71.996,71.986,71.99,72.011,72.052,72.116,72.205,72.327,72.487,72.683,72.911,73.167,73.446,73.739,74.038,74.334,74.619,74.883,75.122,75.334,75.523,75.689,75.836,75.97
Jordan,52.651,53.438,54.22,54.995,55.765,56.526,57.279,58.022,58.752,59.468,60.171,60.864,61.545,62.215,62.869,63.502,64.108,64.683,65.224,65.731,66.207,66.656,67.086,67.5,67.899,68.283,68.649,68.992,69.311,69.604,69.872,70.113,70.331,70.529,70.712,70.885,71.053,71.219,71.386,71.556,71.73,71.907,72.083,72.256,72.427,72.594,72.76,72.924,73.087,73.25,73.412,73.571,73.729,73.883,74.034,74.182,74.329
Japan,67.66609756,68.31,68.59487805,69.65804878,70.13243902,70.20195122,70.98658537,71.27658537,71.61121951,71.83878049,71.9502439,72.88292683,73.50658537,73.75756098,74.39390244,75.05731707,75.45682927,75.89829268,76.03829268,76.33756098,76.09170732,76.41439024,76.92292683,76.96146341,77.36536585,77.6504878,78.06463415,78.48365854,78.39926829,78.81804878,78.83682927,79.10073171,79.15390244,79.29365854,79.68707317,79.53634146,80.2002439,80.42414634,80.50146341,80.57073171,81.07609756,81.41707317,81.56341463,81.76,82.0302439,81.92512195,82.32195122,82.50707317,82.58756098,82.93146341,82.84268293,82.59121951,83.09609756,83.33195122,83.58780488,83.79390244,83.98487805
Kazakhstan,58.36758537,58.78158537,59.19907317,59.61856098,60.03604878,60.44902439,60.852,61.2394878,61.60897561,61.95646341,62.27646341,62.56495122,62.82495122,63.06043902,63.27992683,63.49236585,63.7097561,63.94058537,64.19190244,64.46673171,66.62439024,66.70609756,66.78780488,67.66219512,68.53658537,68.53658537,68.91341463,69.2902439,68.84878049,68.2902439,68.33658537,67.98292683,67.73170732,66.72682927,65.67317073,64.9195122,64.1097561,64.46341463,64.56097561,65.5195122,65.51707317,65.76829268,65.96829268,65.86585366,65.88780488,65.9097561,66.16097561,66.50487805,67.02195122,68.42926829,68.29536585,68.98,69.61,70.45,71.62,72,72.3
Kenya,46.348,46.997,47.635,48.251,48.841,49.409,49.962,50.514,51.074,51.644,52.222,52.803,53.379,53.945,54.497,55.042,55.592,56.148,56.705,57.247,57.757,58.211,58.588,58.869,59.039,59.082,58.994,58.783,58.465,58.05,57.536,56.918,56.212,55.449,54.669,53.911,53.205,52.589,52.106,51.805,51.751,52.004,52.565,53.413,54.513,55.819,57.271,58.784,60.275,61.68,62.936,64.008,64.907,65.651,66.242,66.695,67.032
Cambodia,41.242,41.366,41.526,41.71,41.893,42.083,42.298,42.486,42.55,42.369,41.566,39.699,36.676,32.667,28.04,23.595,20.317,18.907,19.725,22.744,27.536,33.342,39.157,44.173,48.025,50.563,51.916,52.587,52.999,53.302,53.595,53.916,54.228,54.514,54.82,55.189,55.653,56.212,56.862,57.604,58.432,59.335,60.283,61.241,62.186,63.088,63.927,64.695,65.391,66.01,66.555,67.034,67.466,67.868,68.251,68.62,68.981
Kiribati,49.245,49.773,50.304,50.828,51.338,51.838,52.337,52.845,53.361,53.879,54.384,54.858,55.287,55.659,55.973,56.224,56.416,56.564,56.688,56.802,56.927,57.077,57.262,57.49,57.768,58.101,58.492,58.927,59.394,59.88,60.371,60.854,61.318,61.755,62.158,62.526,62.862,63.174,63.469,63.745,64.001,64.231,64.43,64.599,64.74,64.859,64.961,65.054,65.146,65.244,65.354,65.481,65.623,65.78,65.949,66.13,66.317
Kuwait,60.285,61.01,61.697,62.346,62.961,63.542,64.092,64.614,65.108,65.579,66.027,66.453,66.857,67.241,67.607,67.958,68.298,68.628,68.949,69.263,69.573,69.878,70.178,70.47,70.752,71.021,71.273,71.505,71.717,71.908,72.079,72.232,72.369,72.496,72.613,72.722,72.824,72.917,73.004,73.084,73.16,73.232,73.3,73.367,73.434,73.505,73.584,73.67,73.764,73.868,73.979,74.096,74.217,74.338,74.458,74.577,74.694
Lebanon,63.267,63.575,63.871,64.157,64.435,64.709,64.982,65.255,65.528,65.8,66.067,66.323,66.565,66.789,66.995,67.183,67.352,67.508,67.657,67.804,67.955,68.115,68.287,68.475,68.681,68.904,69.143,69.394,69.656,69.93,70.222,70.537,70.878,71.248,71.646,72.071,72.522,72.991,73.473,73.959,74.447,74.934,75.418,75.892,76.351,76.786,77.187,77.553,77.881,78.173,78.43,78.656,78.86,79.05,79.231,79.409,79.584
Liberia,34.671,34.941,35.257,35.626,36.049,36.52,37.03,37.564,38.113,38.674,39.254,39.867,40.522,41.217,41.943,42.686,43.431,44.156,44.838,45.458,45.996,46.435,46.778,47.032,47.206,47.298,47.309,47.26,47.189,47.138,47.183,47.406,47.839,48.475,49.283,50.163,50.984,51.641,52.082,52.314,52.423,52.543,52.814,53.323,54.084,55.052,56.136,57.207,58.167,58.977,59.631,60.155,60.615,61.066,61.527,62.007,62.505
Libya,42.609,44.211,45.833,47.415,48.914,50.303,51.581,52.778,53.921,55.011,56.052,57.046,57.995,58.902,59.77,60.6,61.393,62.15,62.869,63.548,64.185,64.771,65.306,65.793,66.235,66.644,67.034,67.413,67.789,68.16,68.522,68.864,69.172,69.439,69.664,69.85,70,70.127,70.241,70.352,70.473,70.616,70.783,70.97,71.17,71.362,71.521,71.629,71.681,71.679,71.643,71.598,71.574,71.592,71.659,71.776,71.934
Liechtenstein,,,,,,,,,,,,,,,,,,,,,,,,,,,,,,,,,,,78.42195122,77.3902439,76.83658537,76.04634146,77.74634146,79.1097561,76.82682927,79.27560976,79.63658537,79.96097561,81.77073171,80.66829268,80.94878049,81.29512195,82.68292683,81.5,81.84146341,81.79268293,82.38292683,82.26097561,82.07317073,82.65609756,82.65609756
Sri lanka,59.369,59.769,60.177,60.611,61.078,61.579,62.104,62.631,63.144,63.634,64.097,64.528,64.934,65.321,65.694,66.067,66.459,66.874,67.308,67.751,68.171,68.529,68.801,68.975,69.058,69.079,69.086,69.121,69.209,69.351,69.511,69.628,69.66,69.593,69.452,69.31,69.267,69.399,69.744,70.296,71.002,71.775,72.511,73.128,73.593,73.896,74.059,74.144,74.207,74.27,74.352,74.462,74.593,74.741,74.906,75.088,75.284
Lesotho,46.602,47.089,47.501,47.829,48.08,48.264,48.401,48.522,48.656,48.822,49.037,49.309,49.634,50.006,50.426,50.896,51.418,51.985,52.582,53.196,53.807,54.396,54.949,55.462,55.931,56.395,56.905,57.48,58.098,58.708,59.206,59.464,59.394,58.944,58.112,56.902,55.351,53.584,51.75,49.971,48.405,47.195,46.394,46.021,46.078,46.521,47.266,48.171,49.112,50.014,50.826,51.53,52.158,52.738,53.268,53.745,54.174
Lithuania,69.84731707,70.10268293,69.09536585,70.20439024,71.50902439,71.32512195,71.5202439,71.60390244,71.31365854,70.92853659,70.80439024,71.73536585,71.02463415,71.33219512,71.24414634,70.86731707,70.95804878,70.8095122,70.60463415,70.48219512,70.48219512,70.46073171,70.83682927,70.77780488,70.32,70.50121951,72.08073171,71.93463415,71.76219512,71.42536585,71.16073171,70.36414634,70.23439024,68.9104878,68.5302439,69.00634146,70.10804878,70.90902439,71.2195122,71.57073171,72.0195122,71.65853659,71.76097561,72.06097561,71.96097561,71.25365854,71.05609756,70.9,71.81219512,72.91463415,73.26829268,73.56341463,73.86341463,73.91463415,74.51707317,74.32195122,74.32195122
Luxembourg,68.44639024,68.73773171,68.99812195,69.22307317,69.41104878,69.56102439,69.67446341,69.76134146,69.83514634,69.90485366,69.98346341,70.08143902,70.20531707,70.35817073,70.54256098,70.75760976,70.9985122,71.25629268,71.52246341,71.79446341,72.07260976,72.35768293,72.65346341,72.95887805,73.27192683,73.5857561,73.89460976,74.1937561,74.48034146,74.75241463,75.01041463,75.46341463,75.77073171,75.71219512,76.37073171,76.51219512,76.5195122,76.8804878,77.01707317,77.77073171,77.87317073,77.82439024,77.96585366,77.72682927,79.12195122,79.43170732,79.28780488,79.38292683,80.53902439,80.63658537,80.63170732,80.98780488,81.39268293,81.8,82.22926829,82.29268293,82.29268293
Latvia,69.78682927,70.03243902,69.4304878,69.82902439,71.02804878,70.72658537,70.70731707,70.39390244,70.04292683,69.79682927,69.83536585,70.16463415,69.87878049,69.81341463,69.74097561,68.92536585,69.04780488,69.10463415,68.98780488,68.49560976,68.80853659,68.78634146,69.32829268,69.11902439,69.16292683,69.29146341,70.62243902,70.69292683,70.61536585,70.15536585,69.27317073,69.03243902,68.39609756,66.72268293,65.66439024,66.39121951,68.77658537,69.34926829,69.01219512,69.74292683,70.31463415,70.76097561,70.96097561,71.26585366,72.02682927,71.35609756,70.86585366,71.0195122,72.4195122,73.0804878,73.48292683,73.57560976,73.77804878,73.98292683,74.12439024,74.4804878,74.52926829
Morocco,48.458,48.88,49.307,49.738,50.168,50.593,51.009,51.413,51.808,52.195,52.572,52.94,53.305,53.676,54.066,54.492,54.976,55.525,56.141,56.823,57.56,58.339,59.139,59.937,60.717,61.469,62.189,62.878,63.536,64.158,64.733,65.253,65.716,66.129,66.502,66.848,67.184,67.526,67.889,68.284,68.722,69.209,69.738,70.296,70.873,71.456,72.029,72.58,73.097,73.572,73.999,74.377,74.717,75.026,75.309,75.573,75.821
Monaco,,,,,,,,,,,,,,,,,,,,,,,,,,,,,,,,,,,,,,,,,,,,,,,,,,,,,,,,,
Moldova,61.995,62.367,62.743,63.122,63.496,63.856,64.186,64.476,64.718,64.908,65.045,65.134,65.186,65.213,65.221,65.209,65.172,65.111,65.037,64.971,64.951,65.022,65.205,65.499,65.887,66.33,66.772,67.156,67.44,67.605,67.643,67.563,67.408,67.221,67.03,66.867,66.761,66.722,66.752,66.852,67.006,67.185,67.362,67.521,67.665,67.82,68.022,68.302,68.671,69.119,69.616,70.117,70.577,70.961,71.258,71.468,71.61
Madagascar,39.962,40.444,40.924,41.401,41.876,42.351,42.828,43.31,43.796,44.283,44.771,45.257,45.735,46.203,46.656,47.094,47.517,47.926,48.317,48.683,49.005,49.26,49.442,49.56,49.634,49.694,49.781,49.932,50.176,50.53,51.003,51.595,52.278,53.022,53.808,54.616,55.43,56.239,57.028,57.782,58.485,59.129,59.717,60.256,60.752,61.212,61.65,62.079,62.509,62.944,63.388,63.836,64.28,64.713,65.133,65.539,65.932
Maldives,37.397,37.995,38.626,39.281,39.956,40.643,41.339,42.046,42.764,43.495,44.241,45.009,45.803,46.624,47.474,48.355,49.271,50.215,51.18,52.154,53.12,54.061,54.964,55.826,56.648,57.437,58.208,58.98,59.766,60.573,61.399,62.237,63.077,63.911,64.739,65.568,66.408,67.267,68.144,69.035,69.936,70.842,71.737,72.603,73.418,74.151,74.771,75.269,75.648,75.92,76.112,76.259,76.401,76.571,76.783,77.042,77.339
Mexico,57.082,57.674,58.199,58.662,59.076,59.454,59.814,60.172,60.544,60.94,61.369,61.837,62.334,62.852,63.385,63.928,64.474,65.016,65.548,66.064,66.562,67.04,67.501,67.949,68.385,68.81,69.226,69.635,70.039,70.438,70.836,71.235,71.633,72.029,72.418,72.796,73.158,73.498,73.814,74.103,74.364,74.598,74.809,75.002,75.18,75.347,75.505,75.656,75.802,75.948,76.096,76.251,76.412,76.579,76.753,76.933,77.118
Marshall islands,,,,,,,,,,,,,,,,,,,,,,,,,,,,72.14146341,,,,,,,,,,,,67.50487805,65.23902439,,,,,,,,,,,,,,,,
Mali,28.199,28.345,28.535,28.782,29.097,29.489,29.959,30.496,31.086,31.72,32.388,33.078,33.782,34.493,35.205,35.921,36.645,37.385,38.142,38.909,39.677,40.435,41.173,41.879,42.545,43.17,43.759,44.315,44.838,45.323,45.746,46.076,46.305,46.445,46.52,46.573,46.658,46.823,47.103,47.515,48.069,48.758,49.54,50.373,51.224,52.057,52.839,53.553,54.193,54.756,55.249,55.694,56.122,56.556,57.007,57.478,57.966
Malta,68.59529268,68.8872439,69.1737561,69.45526829,69.73319512,70.00753659,70.27929268,70.547,70.81168293,71.07285366,71.33,71.58463415,71.83626829,72.08487805,72.3304878,72.57358537,72.81468293,73.0527561,73.28882927,73.52239024,73.75343902,73.9814878,74.20753659,74.43056098,74.65109756,74.86912195,75.08563415,75.30014634,75.51317073,75.72517073,75.93568293,76.14468293,76.35165854,76.55614634,76.75812195,77.14146341,77.14146341,77.5902439,77.38780488,77.3,78.2,78.84390244,78.73902439,78.54634146,79.25365854,79.3,79.43902439,79.79268293,79.63658537,80.24146341,81.39756098,80.74634146,80.74634146,81.74634146,81.94634146,81.79756098,81.79756098
Montenegro,63.82,64.508,65.181,65.827,66.438,67.022,67.593,68.169,68.756,69.348,69.929,70.476,70.968,71.392,71.748,72.041,72.286,72.504,72.714,72.922,73.13,73.334,73.524,73.693,73.843,73.981,74.116,74.255,74.394,74.526,74.627,74.669,74.634,74.52,74.334,74.1,73.846,73.608,73.417,73.288,73.228,73.23,73.277,73.355,73.465,73.62,73.834,74.116,74.462,74.858,75.28,75.7,76.089,76.43,76.712,76.938,77.116
Mongolia,48.392,49.304,50.185,51.012,51.771,52.461,53.098,53.702,54.285,54.845,55.364,55.819,56.192,56.477,56.676,56.796,56.848,56.86,56.861,56.875,56.936,57.074,57.295,57.595,57.968,58.392,58.836,59.266,59.655,59.992,60.268,60.486,60.67,60.841,61.015,61.211,61.447,61.73,62.063,62.446,62.869,63.319,63.777,64.23,64.671,65.104,65.539,65.987,66.449,66.92,67.383,67.82,68.215,68.558,68.847,69.087,69.287
Mozambique,35.026,35.49,35.936,36.363,36.773,37.174,37.573,37.98,38.397,38.826,39.271,39.735,40.21,40.679,41.125,41.512,41.804,41.983,42.05,42.017,41.913,41.778,41.66,41.597,41.61,41.705,41.872,42.085,42.327,42.6,42.915,43.293,43.745,44.272,44.862,45.491,46.124,46.736,47.309,47.841,48.348,48.859,49.406,50.007,50.663,51.362,52.079,52.785,53.459,54.096,54.7,55.288,55.878,56.483,57.099,57.714,58.311
Mauritania,43.488,44.171,44.835,45.472,46.077,46.648,47.184,47.694,48.185,48.662,49.13,49.59,50.046,50.504,50.969,51.453,51.966,52.511,53.084,53.678,54.28,54.876,55.45,55.986,56.476,56.912,57.293,57.625,57.919,58.18,58.415,58.633,58.839,59.039,59.233,59.419,59.587,59.733,59.855,59.957,60.049,60.143,60.25,60.381,60.539,60.729,60.952,61.199,61.461,61.73,61.997,62.253,62.492,62.711,62.907,63.082,63.238
Mauritius,58.74521951,59.74836585,60.62690244,61.35765854,61.93495122,62.35829268,62.63870732,62.81531707,62.93168293,63.02019512,63.11804878,63.25334146,63.43995122,63.68553659,63.99997561,64.39053659,64.85563415,65.37243902,65.91331707,66.45578049,66.96539024,67.40739024,67.76536585,68.03760976,68.23036585,68.37068293,68.49936585,68.6555122,68.86302439,69.12402439,69.40487805,69.95609756,70.05853659,70.10731707,70.15853659,70.32585366,70.32292683,70.40487805,70.60731707,70.96097561,71.66341463,71.76585366,71.96585366,72.12130081,72.27674797,72.43219512,72.43219512,72.57073171,72.57073171,72.88243902,72.96731707,73.26682927,73.86341463,74.01707317,74.19439024,74.35317073,74.39487805
Malawi,37.805,38.031,38.249,38.458,38.664,38.881,39.127,39.415,39.75,40.134,40.558,41.011,41.475,41.932,42.376,42.802,43.215,43.621,44.02,44.408,44.776,45.112,45.411,45.668,45.882,46.055,46.196,46.313,46.414,46.503,46.576,46.627,46.65,46.647,46.627,46.585,46.516,46.434,46.369,46.355,46.45,46.71,47.169,47.843,48.735,49.846,51.163,52.63,54.177,55.745,57.263,58.667,59.927,61.02,61.932,62.661,63.223
Malaysia,59.466,60.044,60.605,61.148,61.672,62.176,62.661,63.128,63.581,64.019,64.445,64.857,65.256,65.643,66.019,66.383,66.736,67.078,67.41,67.732,68.044,68.348,68.643,68.93,69.21,69.482,69.746,70.002,70.251,70.492,70.727,70.955,71.177,71.394,71.605,71.813,72.019,72.222,72.422,72.616,72.8,72.966,73.113,73.242,73.356,73.463,73.577,73.704,73.852,74.022,74.21,74.408,74.606,74.797,74.976,75.143,75.3
Namibia,46.91,47.535,48.145,48.74,49.32,49.879,50.411,50.917,51.4,51.869,52.338,52.83,53.354,53.914,54.503,55.102,55.684,56.224,56.708,57.135,57.521,57.892,58.275,58.685,59.122,59.584,60.063,60.533,60.957,61.307,61.539,61.614,61.518,61.247,60.806,60.192,59.407,58.495,57.517,56.533,55.608,54.798,54.145,53.693,53.48,53.563,53.983,54.712,55.697,56.883,58.189,59.527,60.815,61.982,62.981,63.782,64.388
Niger,35.045,35.131,35.212,35.288,35.359,35.428,35.496,35.571,35.657,35.76,35.884,36.032,36.204,36.403,36.634,36.905,37.227,37.6,38.02,38.48,38.962,39.45,39.927,40.385,40.821,41.24,41.654,42.079,42.531,43.015,43.54,44.108,44.711,45.343,45.996,46.659,47.323,47.979,48.622,49.253,49.874,50.494,51.123,51.77,52.436,53.127,53.849,54.593,55.35,56.105,56.838,57.528,58.16,58.727,59.228,59.667,60.058
Nigeria,36.975,37.43,37.87,38.289,38.689,39.07,39.439,39.807,40.182,40.568,40.97,41.391,41.827,42.275,42.728,43.186,43.646,44.103,44.546,44.962,45.331,45.635,45.866,46.021,46.104,46.125,46.099,46.046,45.988,45.937,45.898,45.873,45.855,45.843,45.841,45.852,45.877,45.921,45.992,46.101,46.266,46.509,46.834,47.24,47.717,48.246,48.802,49.356,49.887,50.385,50.847,51.279,51.699,52.121,52.549,52.985,53.428
Nicaragua,47.03,47.677,48.329,48.984,49.642,50.306,50.978,51.657,52.339,53.019,53.685,54.328,54.941,55.517,56.053,56.545,56.991,57.398,57.779,58.146,58.509,58.88,59.271,59.691,60.151,60.67,61.261,61.92,62.637,63.396,64.169,64.927,65.642,66.297,66.886,67.411,67.891,68.349,68.808,69.272,69.742,70.214,70.675,71.117,71.537,71.935,72.313,72.677,73.028,73.369,73.699,74.016,74.319,74.608,74.884,75.149,75.404
Netherlands,73.39268293,73.65268293,73.32390244,73.33707317,73.70414634,73.56878049,73.51292683,73.80414634,73.61268293,73.5395122,73.58560976,73.8095122,73.72707317,74.14390244,74.53682927,74.49878049,74.64707317,75.22146341,75.14512195,75.60609756,75.74317073,75.93439024,75.98853659,76.16414634,76.23317073,76.28463415,76.2704878,76.70512195,76.8902439,76.73414634,76.87804878,77,77.21707317,76.91658537,77.37512195,77.40463415,77.43560976,77.79439024,77.88292683,77.83658537,77.98780488,78.1902439,78.29268293,78.49268293,79.09512195,79.34634146,79.69756098,80.09756098,80.25121951,80.54878049,80.70243902,81.20487805,81.10487805,81.30487805,81.70731707,81.5097561,81.5097561
Norway,73.5497561,73.5504878,73.44804878,73.07756098,73.59585366,73.72317073,73.99536585,74.06658537,73.94195122,73.66341463,74.08804878,74.17926829,74.34463415,74.44219512,74.75365854,74.81756098,75.0395122,75.38682927,75.41853659,75.41390244,75.67170732,75.86902439,76.01097561,76.06682927,76.22439024,75.91682927,76.24121951,76.08170732,76.2204878,76.5004878,76.53731707,76.98073171,77.18439024,77.15170732,77.6897561,77.73658537,78.1504878,78.14268293,78.32926829,78.28292683,78.63414634,78.78536585,78.98780488,79.3902439,79.84146341,80.04146341,80.34390244,80.39512195,80.59268293,80.79512195,80.99756098,81.29512195,81.45121951,81.75121951,82.1,82.30487805,82.5097561
Nepal,35.197,35.561,35.981,36.455,36.976,37.537,38.125,38.729,39.339,39.946,40.544,41.129,41.706,42.28,42.855,43.434,44.023,44.627,45.25,45.895,46.562,47.249,47.954,48.673,49.408,50.162,50.938,51.738,52.561,53.403,54.26,55.125,55.992,56.852,57.699,58.529,59.341,60.134,60.909,61.661,62.386,63.082,63.745,64.376,64.973,65.537,66.066,66.565,67.036,67.484,67.914,68.329,68.732,69.126,69.511,69.887,70.253
Nauru,,,,,,,,,,,,,,,,,,,,,,,,,,,,,,,,,,,,,,,,,,,,,,,,,,,,,,,,,
New zealand,71.23658537,70.98536585,71.23170732,71.2804878,71.32926829,71.22682927,71.12439024,71.47317073,71.12439024,71.47317073,71.27317073,71.77317073,71.82926829,71.66829268,71.92439024,72.2195122,72.42195122,72.16829268,73.0195122,73.06829268,72.82926829,73.62195122,73.72439024,73.77560976,74.37073171,73.82926829,74.12195122,74.17804878,74.42439024,74.82439024,75.37804878,76.03170732,76.12439024,76.43414634,76.88292683,76.73414634,76.78780488,77.33414634,78.08536585,77.8902439,78.63658537,78.69268293,78.84634146,79.14634146,79.54878049,79.85121951,80.04878049,80.15121951,80.35121951,80.70243902,80.70243902,80.90487805,81.15609756,81.40731707,81.40487805,81.45682927,81.61243902
Oman,42.672,43.499,44.311,45.11,45.896,46.665,47.413,48.141,48.858,49.574,50.31,51.087,51.92,52.811,53.76,54.755,55.781,56.813,57.829,58.813,59.758,60.659,61.523,62.355,63.153,63.915,64.638,65.324,65.975,66.593,67.181,67.74,68.274,68.787,69.284,69.771,70.251,70.726,71.198,71.664,72.126,72.58,73.022,73.447,73.851,74.231,74.58,74.898,75.188,75.451,75.694,75.922,76.141,76.358,76.578,76.801,77.029
Pakistan,45.265,46.195,47.085,47.936,48.747,49.52,50.255,50.954,51.617,52.245,52.837,53.389,53.901,54.376,54.815,55.224,55.606,55.966,56.311,56.645,56.972,57.295,57.613,57.926,58.237,58.545,58.852,59.157,59.458,59.756,60.05,60.338,60.621,60.898,61.169,61.436,61.7,61.961,62.22,62.476,62.727,62.967,63.196,63.414,63.625,63.836,64.06,64.303,64.565,64.845,65.134,65.419,65.686,65.927,66.139,66.322,66.481
Panama,60.862,61.379,61.878,62.359,62.822,63.272,63.714,64.156,64.603,65.059,65.529,66.015,66.514,67.019,67.527,68.028,68.513,68.977,69.413,69.819,70.194,70.539,70.86,71.165,71.455,71.734,72.002,72.261,72.51,72.752,72.987,73.218,73.443,73.663,73.879,74.09,74.298,74.501,74.7,74.895,75.084,75.267,75.443,75.614,75.782,75.947,76.114,76.285,76.46,76.641,76.828,77.021,77.216,77.413,77.61,77.806,78.001
Peru,47.694,48.235,48.754,49.249,49.728,50.214,50.737,51.319,51.971,52.69,53.457,54.245,55.022,55.762,56.454,57.099,57.706,58.295,58.881,59.471,60.065,60.662,61.254,61.836,62.406,62.962,63.503,64.029,64.542,65.045,65.541,66.034,66.528,67.024,67.523,68.026,68.533,69.041,69.544,70.036,70.512,70.964,71.389,71.784,72.146,72.473,72.764,73.023,73.258,73.475,73.681,73.883,74.088,74.298,74.518,74.747,74.983
Philippines,57.867,58.173,58.476,58.775,59.072,59.368,59.668,59.97,60.27,60.563,60.832,61.063,61.245,61.381,61.475,61.544,61.605,61.681,61.792,61.946,62.155,62.421,62.732,63.073,63.434,63.798,64.149,64.475,64.77,65.029,65.256,65.461,65.657,65.856,66.059,66.265,66.471,66.668,66.851,67.019,67.17,67.308,67.434,67.555,67.67,67.783,67.892,68,68.105,68.211,68.32,68.433,68.553,68.68,68.813,68.951,69.094
Palau,,,,,,,,,,,,,,,,,,,,,,,,,,,,,,,69.06926829,,,,,71.84463415,,,,,70.49365854,,,,,69.12926829,,,,,,,,,,,
Papua new guinea,41.891,42.357,42.882,43.478,44.145,44.869,45.625,46.384,47.123,47.832,48.512,49.175,49.837,50.512,51.203,51.916,52.657,53.415,54.175,54.92,55.619,56.237,56.756,57.172,57.491,57.732,57.928,58.117,58.329,58.577,58.865,59.182,59.508,59.824,60.128,60.418,60.698,60.975,61.254,61.538,61.832,62.139,62.458,62.784,63.113,63.433,63.733,64.006,64.247,64.455,64.634,64.791,64.937,65.082,65.23,65.384,65.544
Poland,67.6804878,67.77804878,67.42682927,68.37560976,68.62926829,69.42926829,69.82682927,69.42439024,70.2195122,69.7195122,69.86829268,69.61219512,70.66585366,70.66341463,71.11707317,70.56097561,70.65609756,70.40243902,70.35121951,70.75121951,70.09756098,71.05121951,71.10243902,71,70.8,70.54878049,70.84878049,70.89756098,71.33170732,71.04390244,70.8902439,70.58780488,71.0902439,71.59512195,71.69512195,71.89268293,72.24634146,72.64634146,72.99756098,73.04390244,73.74878049,74.2,74.49756098,74.59756098,74.84634146,74.99512195,75.14390244,75.24390244,75.54390244,75.69512195,76.24634146,76.69512195,76.74634146,77,77.60243902,77.45121951,77.45121951
Portugal,62.80892683,63.25236585,63.69414634,64.13229268,64.56385366,64.98946341,65.40626829,65.81682927,66.22165854,66.6217561,67.07317073,66.77073171,68.32439024,67.52439024,68.0195122,68.3097561,68.86097561,70.01219512,70.31707317,71.16829268,71.21463415,71.61463415,72.41463415,72.26585366,72.51463415,72.81463415,73.26585366,73.66585366,73.71463415,74.26585366,73.96585366,74.01463415,74.31219512,74.51219512,74.91463415,75.31219512,75.26097561,75.41219512,75.71219512,75.96341463,76.31463415,76.81463415,77.06585366,77.2195122,77.67073171,78.07073171,78.4195122,78.32195122,78.52439024,78.72682927,79.02682927,80.47073171,80.37317073,80.72195122,81.12195122,81.12439024,81.12682927
Paraguay,63.879,64.101,64.307,64.488,64.644,64.779,64.903,65.03,65.169,65.322,65.486,65.656,65.821,65.975,66.116,66.243,66.36,66.47,66.578,66.686,66.793,66.898,67,67.1,67.199,67.304,67.417,67.544,67.687,67.844,68.014,68.191,68.37,68.548,68.727,68.911,69.108,69.322,69.556,69.808,70.07,70.335,70.593,70.838,71.067,71.281,71.485,71.686,71.887,72.089,72.285,72.47,72.638,72.786,72.913,73.023,73.12
Qatar,61.094,61.848,62.603,63.356,64.105,64.848,65.582,66.302,67.002,67.675,68.313,68.91,69.465,69.976,70.446,70.877,71.274,71.644,71.995,72.329,72.649,72.956,73.247,73.52,73.777,74.017,74.241,74.448,74.64,74.818,74.984,75.138,75.283,75.42,75.551,75.678,75.802,75.924,76.045,76.164,76.279,76.387,76.488,76.581,76.668,76.754,76.843,76.94,77.049,77.169,77.301,77.443,77.59,77.739,77.888,78.036,78.184
Romania,65.64243902,66.41587805,67.02907317,67.44107317,67.65043902,67.69785366,67.65946341,67.62690244,67.6712439,67.81492683,68.05641463,68.50414634,68.4702439,69.00560976,69.4997561,69.61390244,69.69878049,69.74195122,69.4804878,69.15317073,69.09097561,69.36829268,69.53170732,69.72634146,69.65878049,69.70682927,69.49634146,69.22682927,69.38804878,69.53073171,69.74121951,69.78439024,69.78439024,69.56341463,69.5097561,69.45609756,69.10487805,69.00487805,69.80731707,70.51219512,71.16341463,71.16097561,71.0097561,71.3097561,71.59427561,71.87889512,72.16341463,72.56585366,72.56585366,73.3097561,73.45853659,74.4097561,74.41219512,75.06341463,74.96097561,75.01219512,75.01219512
Rwanda,42.292,42.592,42.883,43.16,43.418,43.65,43.847,44.009,44.141,44.249,44.338,44.412,44.485,44.577,44.709,44.932,45.3,45.824,46.485,47.241,48.085,49.013,49.934,50.708,51.177,50.948,49.579,46.969,43.264,38.782,34.217,30.434,28.102,27.61,29.003,31.977,35.923,40.013,43.596,46.412,48.415,49.793,50.97,52.268,53.755,55.43,57.219,58.971,60.565,61.962,63.14,64.106,64.911,65.598,66.188,66.696,67.129
Saudi arabia,45.638,46.145,46.665,47.207,47.781,48.407,49.105,49.883,50.744,51.682,52.693,53.765,54.876,56.001,57.12,58.216,59.274,60.291,61.263,62.181,63.041,63.84,64.586,65.285,65.938,66.548,67.115,67.64,68.129,68.586,69.017,69.428,69.822,70.201,70.567,70.922,71.266,71.594,71.902,72.187,72.44,72.651,72.82,72.948,73.041,73.112,73.176,73.245,73.331,73.44,73.574,73.73,73.896,74.066,74.234,74.4,74.561
Sudan,48.194,48.618,49.035,49.446,49.852,50.257,50.663,51.069,51.469,51.86,52.234,52.583,52.901,53.184,53.43,53.638,53.807,53.946,54.061,54.161,54.253,54.342,54.435,54.534,54.645,54.768,54.901,55.039,55.182,55.334,55.5,55.688,55.902,56.145,56.417,56.716,57.036,57.372,57.718,58.07,58.43,58.801,59.184,59.582,59.993,60.416,60.854,61.3,61.749,62.193,62.62,63.019,63.384,63.712,64.002,64.257,64.486
Senegal,38.223,38.38,38.462,38.477,38.449,38.407,38.386,38.424,38.558,38.816,39.227,39.814,40.562,41.445,42.442,43.521,44.641,45.767,46.869,47.927,48.944,49.94,50.938,51.945,52.946,53.914,54.813,55.61,56.283,56.818,57.202,57.43,57.529,57.535,57.48,57.405,57.344,57.328,57.383,57.533,57.796,58.18,58.665,59.23,59.859,60.541,61.263,62.008,62.755,63.485,64.177,64.814,65.393,65.914,66.376,66.784,67.146
Singapore,65.65982927,66.08719512,66.4322439,66.70080488,66.91021951,67.08580488,67.25595122,67.44573171,67.67373171,67.95107317,68.27941463,68.65046341,69.04290244,69.44031707,69.83478049,70.21970732,70.59397561,70.96090244,71.32334146,71.68273171,72.1902439,72.58780488,72.68780488,73.03658537,73.2902439,73.8902439,74.24634146,74.54878049,74.69756098,74.94634146,75.29512195,75.64634146,75.94634146,76.04634146,76.19756098,76.29512195,76.59512195,76.89756098,77.3,77.55121951,77.95121951,78.25121951,78.55121951,79.03902439,79.4902439,79.9902439,80.14146341,80.44146341,80.7902439,81.24146341,81.54146341,81.74390244,81.99512195,82.24634146,82.49512195,82.74390244,82.79512195
Solomon islands,49.174,49.679,50.183,50.688,51.194,51.701,52.208,52.717,53.227,53.737,54.252,54.78,55.319,55.862,56.398,56.919,57.417,57.876,58.276,58.594,58.778,58.774,58.574,58.203,57.705,57.162,56.677,56.337,56.204,56.306,56.638,57.162,57.796,58.471,59.153,59.822,60.475,61.127,61.788,62.449,63.103,63.744,64.368,64.971,65.549,66.104,66.635,67.147,67.641,68.118,68.572,69.001,69.4,69.771,70.113,70.43,70.726
Sierra leone,30.371,30.579,30.789,31.012,31.263,31.572,31.973,32.481,33.098,33.812,34.601,35.435,36.272,37.073,37.809,38.468,39.046,39.555,39.998,40.365,40.641,40.808,40.861,40.796,40.616,40.312,39.873,39.318,38.683,38.01,37.348,36.746,36.246,35.888,35.705,35.729,35.98,36.432,37.055,37.822,38.702,39.66,40.66,41.669,42.66,43.624,44.566,45.5,46.432,47.348,48.224,49.034,49.762,50.401,50.951,51.423,51.835
El salvador,49.969,50.637,51.264,51.847,52.385,52.883,53.349,53.792,54.215,54.617,54.987,55.31,55.576,55.783,55.937,56.04,56.097,56.129,56.164,56.233,56.378,56.642,57.042,57.585,58.267,59.082,60.011,61.01,62.032,63.039,63.99,64.85,65.609,66.267,66.818,67.27,67.64,67.958,68.253,68.541,68.834,69.135,69.44,69.743,70.048,70.357,70.668,70.98,71.291,71.599,71.902,72.195,72.479,72.753,73.015,73.267,73.512
San marino,,,,,,,,,,,,,,,,,,,,,,,,,,,,,,,,,,,,,,,,,,,,,,,,,,,,,85.41707317,,,,
Somalia,36.977,37.375,37.774,38.176,38.579,38.982,39.384,39.784,40.179,40.571,40.958,41.344,41.728,42.112,42.495,42.877,43.259,43.639,44.012,44.374,44.724,45.065,45.391,45.693,45.957,46.142,46.196,46.111,45.908,45.631,45.375,45.258,45.359,45.72,46.335,47.148,48.065,48.963,49.751,50.389,50.867,51.211,51.49,51.761,52.042,52.344,52.666,52.996,53.323,53.652,53.986,54.332,54.694,55.072,55.467,55.876,56.293
Serbia,,,,,,,,,,,,,,,,,,,,,,,,,,,,,,,,71.48780488,,,,,,72.03902439,,,71.58292683,72.23414634,72.28536585,72.43658537,72.68292683,72.83414634,73.38536585,73.63170732,73.88536585,73.98536585,74.33658537,74.53658537,74.83658537,75.18536585,75.33658537,75.28780488,75.23902439
South sudan,31.697,32.125,32.55,32.975,33.402,33.828,34.248,34.656,35.051,35.432,35.807,36.186,36.575,36.974,37.378,37.767,38.118,38.417,38.662,38.861,39.033,39.206,39.41,39.671,40.005,40.423,40.931,41.513,42.149,42.825,43.525,44.232,44.933,45.612,46.258,46.859,47.409,47.916,48.386,48.825,49.239,49.631,50.013,50.393,50.782,51.19,51.627,52.095,52.591,53.113,53.655,54.206,54.756,55.294,55.817,56.322,56.811
Sao tome and principe,50.364,50.944,51.512,52.063,52.597,53.118,53.638,54.165,54.709,55.272,55.859,56.476,57.114,57.758,58.389,58.977,59.487,59.902,60.213,60.425,60.554,60.628,60.683,60.75,60.842,60.969,61.126,61.297,61.47,61.641,61.808,61.972,62.133,62.294,62.454,62.611,62.76,62.902,63.041,63.181,63.338,63.526,63.754,64.021,64.322,64.641,64.956,65.248,65.5,65.709,65.875,66.008,66.125,66.241,66.361,66.488,66.624
Suriname,59.66,60.026,60.386,60.749,61.117,61.491,61.867,62.239,62.599,62.943,63.268,63.568,63.844,64.1,64.339,64.57,64.806,65.054,65.315,65.587,65.863,66.128,66.371,66.582,66.758,66.902,67.019,67.12,67.214,67.305,67.393,67.478,67.554,67.62,67.677,67.722,67.751,67.768,67.781,67.798,67.838,67.918,68.051,68.239,68.48,68.768,69.089,69.422,69.749,70.057,70.335,70.578,70.79,70.976,71.138,71.279,71.405
Slovenia,68.97804878,68.97804878,68.97804878,68.62195122,68.66341463,68.36585366,69.01219512,69.36585366,68.91707317,68.36097561,68.6097561,68.83414634,69.05853659,69.40487805,70.16097561,70.35853659,70.30731707,70.55609756,70.70243902,70.85365854,71.10487805,71.20487805,71.05365854,70.54146341,70.90243902,71.35121951,71.80243902,72.00243902,72.44634146,72.70487805,73.20487805,73.35365854,73.30487805,73.25365854,73.40487805,73.95853659,74.45853659,74.70731707,74.80731707,75.0097561,75.41219512,75.75853659,76.00731707,76.85853659,77.20731707,77.61219512,78.08658537,78.56097561,78.76585366,78.97073171,79.42195122,79.97073171,80.12439024,80.32195122,81.07804878,80.77560976,80.77560976
Sweden,73.00560976,73.47439024,73.3504878,73.55536585,73.73317073,73.86170732,74.07853659,74.12243902,73.97292683,74.08487805,74.64926829,74.62390244,74.71804878,74.86731707,74.9804878,74.98463415,74.96926829,75.3797561,75.46902439,75.52414634,75.74097561,76.02609756,76.32731707,76.55170732,76.81585366,76.66780488,76.93121951,77.09219512,76.97926829,77.72682927,77.53682927,77.66682927,77.99878049,78.0604878,78.6502439,78.7404878,78.95902439,79.19756098,79.33902439,79.44146341,79.64390244,79.79512195,79.84634146,80.09512195,80.49756098,80.54634146,80.74878049,80.9,81.1,81.35121951,81.45121951,81.80243902,81.70487805,81.95609756,82.25365854,82.20487805,82.20487805
Seychelles,,,,,,,,,,,,,,,,,,,,,69.59756098,70.18780488,69.32439024,70.38292683,69.55365854,69.69756098,68.65609756,68.23658537,68.70243902,67.97073171,68.10731707,70.71219512,71.21463415,69.46829268,70.72926829,72.48292683,71.56097561,71.21219512,71.74634146,72.66829268,72.77804878,73.25365854,71.08780488,71.02926829,72.66097561,72.13170732,72.21707317,73.14390244,73.16341463,73.08292683,73.19756098,72.72439024,74.27560976,73.1195122,73.22926829,74.29512195,74.3097561
Chad,38.019,38.279,38.536,38.795,39.061,39.346,39.666,40.028,40.432,40.872,41.332,41.792,42.233,42.638,43.003,43.327,43.619,43.892,44.161,44.43,44.704,44.986,45.269,45.55,45.824,46.082,46.315,46.52,46.692,46.835,46.952,47.053,47.148,47.243,47.339,47.431,47.505,47.556,47.582,47.59,47.593,47.603,47.638,47.716,47.848,48.054,48.349,48.729,49.182,49.691,50.233,50.778,51.3,51.778,52.204,52.575,52.903
Togo,40.297,40.941,41.58,42.215,42.846,43.473,44.098,44.72,45.339,45.955,46.568,47.175,47.777,48.371,48.958,49.537,50.112,50.683,51.246,51.799,52.339,52.863,53.365,53.839,54.276,54.673,55.028,55.337,55.592,55.784,55.888,55.873,55.734,55.485,55.146,54.756,54.359,54,53.72,53.544,53.489,53.551,53.707,53.935,54.23,54.598,55.048,55.578,56.174,56.814,57.465,58.092,58.668,59.174,59.601,59.949,60.232
Thailand,54.703,55.235,55.747,56.233,56.694,57.136,57.567,58,58.444,58.905,59.387,59.888,60.405,60.93,61.46,61.986,62.496,62.987,63.464,63.936,64.433,64.993,65.635,66.353,67.128,67.911,68.642,69.266,69.747,70.073,70.25,70.303,70.283,70.241,70.204,70.192,70.214,70.266,70.346,70.462,70.624,70.841,71.11,71.424,71.775,72.149,72.534,72.915,73.279,73.617,73.923,74.197,74.446,74.678,74.895,75.103,75.303
Tajikistan,56.152,56.572,56.995,57.419,57.843,58.261,58.667,59.059,59.432,59.784,60.114,60.422,60.711,60.986,61.247,61.499,61.743,61.982,62.216,62.445,62.679,62.926,63.184,63.442,63.684,63.869,63.946,63.896,63.724,63.455,63.149,62.88,62.719,62.71,62.869,63.185,63.618,64.105,64.591,65.053,65.485,65.894,66.303,66.727,67.163,67.607,68.052,68.487,68.902,69.29,69.644,69.958,70.234,70.477,70.69,70.879,71.051
Turkmenistan,54.471,54.897,55.326,55.757,56.186,56.609,57.021,57.417,57.794,58.147,58.472,58.765,59.028,59.267,59.488,59.703,59.925,60.163,60.422,60.701,60.999,61.311,61.622,61.92,62.193,62.426,62.605,62.727,62.797,62.82,62.811,62.784,62.761,62.757,62.785,62.85,62.952,63.083,63.237,63.412,63.613,63.842,64.101,64.386,64.693,65.017,65.354,65.695,66.031,66.355,66.657,66.928,67.167,67.375,67.552,67.704,67.835
Timor-leste,33.729,34.229,34.73,35.232,35.734,36.272,36.894,37.596,38.335,39.041,39.528,39.574,39.085,38.077,36.659,35.092,33.714,32.826,32.628,33.177,34.419,36.184,38.174,40.132,41.932,43.481,44.749,45.82,46.773,47.638,48.469,49.332,50.273,51.317,52.467,53.696,54.954,56.179,57.325,58.38,59.36,60.304,61.251,62.223,63.209,64.175,65.068,65.842,66.472,66.956,67.313,67.578,67.805,68.033,68.285,68.569,68.881
Tonga,61.401,61.767,62.13,62.488,62.84,63.188,63.533,63.876,64.215,64.55,64.876,65.189,65.486,65.766,66.03,66.28,66.521,66.757,66.994,67.232,67.476,67.725,67.978,68.23,68.478,68.716,68.936,69.136,69.313,69.468,69.603,69.722,69.832,69.94,70.05,70.164,70.285,70.411,70.541,70.674,70.811,70.949,71.089,71.229,71.367,71.504,71.639,71.773,71.906,72.039,72.173,72.308,72.446,72.588,72.732,72.88,73.029
Trinidad and tobago,62.625,63.217,63.723,64.125,64.422,64.621,64.742,64.822,64.892,64.973,65.081,65.228,65.407,65.61,65.833,66.067,66.3,66.519,66.714,66.882,67.022,67.138,67.239,67.335,67.428,67.523,67.62,67.719,67.817,67.914,68.007,68.094,68.171,68.238,68.296,68.344,68.384,68.419,68.452,68.489,68.532,68.584,68.648,68.724,68.816,68.927,69.06,69.214,69.384,69.567,69.756,69.942,70.118,70.28,70.426,70.556,70.673
Tunisia,42.021,42.656,43.351,44.109,44.931,45.82,46.78,47.804,48.881,50,51.145,52.3,53.452,54.591,55.705,56.795,57.867,58.929,59.98,61.01,62,62.925,63.771,64.532,65.214,65.834,66.417,66.991,67.576,68.176,68.788,69.401,69.99,70.54,71.043,71.496,71.898,72.259,72.586,72.883,73.155,73.402,73.629,73.836,74.026,74.2,74.352,74.483,74.595,74.695,74.793,74.9,75.023,75.167,75.335,75.525,75.731
Turkey,45.369,46.093,46.83,47.573,48.312,49.035,49.733,50.406,51.053,51.678,52.286,52.887,53.492,54.109,54.741,55.387,56.046,56.709,57.37,58.023,58.667,59.297,59.915,60.52,61.111,61.682,62.231,62.758,63.266,63.763,64.256,64.757,65.275,65.815,66.377,66.963,67.57,68.189,68.807,69.417,70.008,70.571,71.102,71.6,72.06,72.481,72.866,73.219,73.549,73.859,74.154,74.437,74.711,74.977,75.239,75.498,75.755
Tuvalu,,,,,,,,,,,,,,,,,,,,,,,,,,,,,,,,,,,,,,,,,,,,,,,,,,,,,,,,,
Tanzania,43.686,43.94,44.195,44.456,44.731,45.022,45.33,45.654,45.993,46.345,46.718,47.119,47.546,47.992,48.447,48.891,49.306,49.675,49.987,50.237,50.429,50.576,50.692,50.788,50.863,50.904,50.888,50.803,50.651,50.447,50.206,49.953,49.719,49.54,49.444,49.46,49.609,49.889,50.297,50.831,51.493,52.281,53.173,54.142,55.161,56.196,57.218,58.209,59.156,60.048,60.893,61.713,62.528,63.348,64.163,64.95,65.675
Uganda,43.991,44.568,45.156,45.748,46.332,46.891,47.407,47.865,48.258,48.578,48.827,49.01,49.142,49.236,49.301,49.347,49.384,49.412,49.426,49.419,49.374,49.272,49.096,48.842,48.512,48.104,47.625,47.097,46.549,46.012,45.509,45.058,44.676,44.388,44.223,44.22,44.415,44.811,45.397,46.16,47.077,48.12,49.242,50.394,51.538,52.64,53.681,54.66,55.574,56.409,57.153,57.796,58.347,58.819,59.224,59.575,59.889
Ukraine,68.29953659,68.76385366,69.14609756,69.45770732,69.70821951,69.90563415,70.05653659,70.16112195,70.22307317,70.24756098,70.23521951,70.18263415,70.09085366,69.96292683,69.80885366,69.63463415,69.44617073,69.25343902,69.07090244,68.91512195,68.81782927,68.81082927,68.9012439,69.0774878,69.31734146,69.57478049,69.7912439,70.49512195,70.49756098,70.53902439,70.13658537,68.87804878,69.06829268,68.47560976,67.83853659,67.13707317,66.88780488,67.29536585,67.98878049,68.21341463,67.8595122,68.28707317,68.27560976,68.21073171,68.18536585,67.95682927,68.07756098,68.22219512,68.25146341,69.19,70.26536585,70.80926829,70.94414634,71.1595122,71.18658537,71.1895122,71.47634146
Uruguay,67.782,68.006,68.197,68.347,68.454,68.521,68.554,68.568,68.576,68.589,68.617,68.664,68.732,68.823,68.939,69.087,69.269,69.482,69.721,69.981,70.255,70.535,70.814,71.085,71.343,71.584,71.805,72.009,72.203,72.388,72.571,72.758,72.954,73.161,73.381,73.613,73.854,74.098,74.341,74.577,74.805,75.022,75.229,75.427,75.614,75.792,75.961,76.124,76.282,76.436,76.588,76.739,76.89,77.04,77.19,77.341,77.493
Uzbekistan,58.835,59.21,59.588,59.968,60.347,60.721,61.087,61.441,61.778,62.097,62.391,62.659,62.902,63.125,63.331,63.53,63.728,63.934,64.152,64.384,64.637,64.913,65.206,65.504,65.795,66.058,66.269,66.415,66.495,66.512,66.481,66.424,66.368,66.336,66.343,66.396,66.494,66.626,66.782,66.959,67.154,67.366,67.594,67.837,68.094,68.367,68.663,68.982,69.319,69.665,70.005,70.322,70.604,70.844,71.039,71.192,71.314
Vietnam,59.041,59.722,60.391,61.024,61.585,61.968,62.042,61.773,61.192,60.391,59.571,58.989,58.835,59.214,60.123,61.458,63.021,64.559,65.871,66.877,67.553,67.953,68.214,68.45,68.699,68.982,69.3,69.626,69.94,70.242,70.536,70.826,71.113,71.399,71.685,71.968,72.248,72.519,72.781,73.03,73.265,73.487,73.695,73.893,74.082,74.263,74.438,74.609,74.777,74.946,75.117,75.294,75.476,75.663,75.855,76.052,76.253
Vanuatu,46.441,47.044,47.648,48.251,48.853,49.452,50.047,50.635,51.217,51.795,52.369,52.943,53.52,54.101,54.688,55.283,55.89,56.506,57.125,57.743,58.348,58.929,59.477,59.989,60.467,60.916,61.346,61.768,62.194,62.628,63.072,63.527,63.986,64.444,64.897,65.345,65.784,66.214,66.634,67.043,67.438,67.82,68.189,68.545,68.889,69.221,69.541,69.852,70.152,70.442,70.721,70.988,71.241,71.481,71.709,71.925,72.133
Samoa,49.748,50.249,50.75,51.252,51.756,52.261,52.766,53.271,53.774,54.276,54.777,55.278,55.778,56.278,56.779,57.281,57.784,58.288,58.792,59.295,59.797,60.296,60.791,61.283,61.772,62.265,62.764,63.273,63.792,64.319,64.851,65.384,65.91,66.424,66.919,67.389,67.827,68.234,68.612,68.967,69.305,69.637,69.97,70.314,70.673,71.051,71.451,71.866,72.288,72.71,73.122,73.513,73.875,74.206,74.504,74.77,75.013
South africa,52.215,52.559,52.894,53.229,53.571,53.926,54.301,54.691,55.085,55.478,55.852,56.192,56.485,56.728,56.924,57.075,57.191,57.291,57.397,57.526,57.704,57.957,58.287,58.69,59.154,59.668,60.219,60.773,61.291,61.734,62.062,62.239,62.251,62.092,61.756,61.226,60.49,59.58,58.548,57.45,56.341,55.273,54.299,53.481,52.878,52.567,52.614,53.01,53.72,54.701,55.888,57.201,58.545,59.83,60.993,61.981,62.774
Zambia,45.124,45.502,45.869,46.225,46.574,46.929,47.302,47.701,48.127,48.575,49.039,49.51,49.971,50.401,50.78,51.089,51.317,51.456,51.501,51.442,51.265,50.957,50.525,49.986,49.359,48.661,47.913,47.142,46.379,45.658,45.003,44.431,43.948,43.564,43.297,43.166,43.183,43.346,43.653,44.104,44.702,45.448,46.33,47.33,48.432,49.63,50.929,52.313,53.749,55.194,56.588,57.872,59.011,59.982,60.775,61.397,61.874
Zimbabwe,51.565,51.938,52.3,52.651,52.993,53.325,53.648,53.965,54.28,54.597,54.92,55.25,55.592,55.948,56.324,56.733,57.194,57.708,58.259,58.828,59.39,59.921,60.386,60.746,60.965,60.999,60.816,60.411,59.794,58.971,57.944,56.72,55.337,53.854,52.329,50.811,49.34,47.955,46.705,45.647,44.841,44.326,44.109,44.188,44.571,45.282,46.344,47.719,49.337,51.122,52.975,54.8,56.516,58.053,59.36,60.398,61.163
